[
  {
    "model": "inventory.productinventory",
    "id": "1",
    "fields": {
      "sku": "7633969397",
      "upc": "100000000001",
      "product_type": "1",
      "product": "1",
      "brand": "1",
      "is_active": "1",
      "is_default": "1",
      "retail_price": "97",
      "store_price": "92",
      "sale_price": "46",
      "is_on_sale": "False",
      "is_digital": "False",
      "weight": "987",
      "created_at": "2021-09-01T13:20:30+03:00",
      "updated_at": "2021-09-01T13:20:30+03:00"
    }
  },
  {
    "model": "inventory.productinventory",
    "id": "2",
    "fields": {
      "sku": "6327000212",
      "upc": "100000000002",
      "product_type": "1",
      "product": "2",
      "brand": "3",
      "is_active": "1",
      "is_default": "1",
      "retail_price": "99",
      "store_price": "94",
      "sale_price": "47",
      "is_on_sale": "False",
      "is_digital": "False",
      "weight": "947",
      "created_at": "2021-09-01T13:20:30+03:00",
      "updated_at": "2021-09-01T13:20:30+03:00"
    }
  },
  {
    "model": "inventory.productinventory",
    "id": "3",
    "fields": {
      "sku": "7763166969",
      "upc": "100000000003",
      "product_type": "1",
      "product": "3",
      "brand": "4",
      "is_active": "1",
      "is_default": "1",
      "retail_price": "88",
      "store_price": "84",
      "sale_price": "42",
      "is_on_sale": "False",
      "is_digital": "False",
      "weight": "994",
      "created_at": "2021-09-01T13:20:30+03:00",
      "updated_at": "2021-09-01T13:20:30+03:00"
    }
  },
  {
    "model": "inventory.productinventory",
    "id": "4",
    "fields": {
      "sku": "1409736829",
      "upc": "100000000004",
      "product_type": "1",
      "product": "4",
      "brand": "4",
      "is_active": "1",
      "is_default": "1",
      "retail_price": "73",
      "store_price": "68",
      "sale_price": "34",
      "is_on_sale": "False",
      "is_digital": "False",
      "weight": "1125",
      "created_at": "2021-09-01T13:20:30+03:00",
      "updated_at": "2021-09-01T13:20:30+03:00"
    }
  },
  {
    "model": "inventory.productinventory",
    "id": "5",
    "fields": {
      "sku": "5475550705",
      "upc": "100000000005",
      "product_type": "1",
      "product": "5",
      "brand": "4",
      "is_active": "1",
      "is_default": "1",
      "retail_price": "75",
      "store_price": "70",
      "sale_price": "35",
      "is_on_sale": "False",
      "is_digital": "False",
      "weight": "1026",
      "created_at": "2021-09-01T13:20:30+03:00",
      "updated_at": "2021-09-01T13:20:30+03:00"
    }
  },
  {
    "model": "inventory.productinventory",
    "id": "6",
    "fields": {
      "sku": "9836240368",
      "upc": "100000000006",
      "product_type": "1",
      "product": "6",
      "brand": "4",
      "is_active": "1",
      "is_default": "1",
      "retail_price": "70",
      "store_price": "66",
      "sale_price": "33",
      "is_on_sale": "False",
      "is_digital": "False",
      "weight": "1142",
      "created_at": "2021-09-01T13:20:30+03:00",
      "updated_at": "2021-09-01T13:20:30+03:00"
    }
  },
  {
    "model": "inventory.productinventory",
    "id": "7",
    "fields": {
      "sku": "3745869786",
      "upc": "100000000007",
      "product_type": "1",
      "product": "7",
      "brand": "4",
      "is_active": "1",
      "is_default": "1",
      "retail_price": "75",
      "store_price": "70",
      "sale_price": "35",
      "is_on_sale": "False",
      "is_digital": "False",
      "weight": "954",
      "created_at": "2021-09-01T13:20:30+03:00",
      "updated_at": "2021-09-01T13:20:30+03:00"
    }
  },
  {
    "model": "inventory.productinventory",
    "id": "8",
    "fields": {
      "sku": "7348030971",
      "upc": "100000000008",
      "product_type": "1",
      "product": "8",
      "brand": "4",
      "is_active": "1",
      "is_default": "1",
      "retail_price": "72",
      "store_price": "68",
      "sale_price": "34",
      "is_on_sale": "False",
      "is_digital": "False",
      "weight": "1134",
      "created_at": "2021-09-01T13:20:30+03:00",
      "updated_at": "2021-09-01T13:20:30+03:00"
    }
  },
  {
    "model": "inventory.productinventory",
    "id": "9",
    "fields": {
      "sku": "9419284079",
      "upc": "100000000009",
      "product_type": "1",
      "product": "9",
      "brand": "4",
      "is_active": "1",
      "is_default": "1",
      "retail_price": "81",
      "store_price": "76",
      "sale_price": "38",
      "is_on_sale": "False",
      "is_digital": "False",
      "weight": "915",
      "created_at": "2021-09-01T13:20:30+03:00",
      "updated_at": "2021-09-01T13:20:30+03:00"
    }
  },
  {
    "model": "inventory.productinventory",
    "id": "10",
    "fields": {
      "sku": "1254249244",
      "upc": "100000000010",
      "product_type": "1",
      "product": "10",
      "brand": "4",
      "is_active": "1",
      "is_default": "1",
      "retail_price": "98",
      "store_price": "94",
      "sale_price": "47",
      "is_on_sale": "False",
      "is_digital": "False",
      "weight": "985",
      "created_at": "2021-09-01T13:20:30+03:00",
      "updated_at": "2021-09-01T13:20:30+03:00"
    }
  },
  {
    "model": "inventory.productinventory",
    "id": "11",
    "fields": {
      "sku": "2642955408",
      "upc": "100000000011",
      "product_type": "1",
      "product": "11",
      "brand": "4",
      "is_active": "1",
      "is_default": "1",
      "retail_price": "97",
      "store_price": "92",
      "sale_price": "46",
      "is_on_sale": "False",
      "is_digital": "False",
      "weight": "1005",
      "created_at": "2021-09-01T13:20:30+03:00",
      "updated_at": "2021-09-01T13:20:30+03:00"
    }
  },
  {
    "model": "inventory.productinventory",
    "id": "12",
    "fields": {
      "sku": "5625485785",
      "upc": "100000000012",
      "product_type": "1",
      "product": "12",
      "brand": "4",
      "is_active": "1",
      "is_default": "1",
      "retail_price": "84",
      "store_price": "80",
      "sale_price": "40",
      "is_on_sale": "False",
      "is_digital": "False",
      "weight": "1149",
      "created_at": "2021-09-01T13:20:30+03:00",
      "updated_at": "2021-09-01T13:20:30+03:00"
    }
  },
  {
    "model": "inventory.productinventory",
    "id": "13",
    "fields": {
      "sku": "7100806084",
      "upc": "100000000013",
      "product_type": "1",
      "product": "13",
      "brand": "4",
      "is_active": "1",
      "is_default": "1",
      "retail_price": "91",
      "store_price": "86",
      "sale_price": "43",
      "is_on_sale": "False",
      "is_digital": "False",
      "weight": "1097",
      "created_at": "2021-09-01T13:20:30+03:00",
      "updated_at": "2021-09-01T13:20:30+03:00"
    }
  },
  {
    "model": "inventory.productinventory",
    "id": "14",
    "fields": {
      "sku": "4124347238",
      "upc": "100000000014",
      "product_type": "1",
      "product": "14",
      "brand": "4",
      "is_active": "1",
      "is_default": "1",
      "retail_price": "72",
      "store_price": "68",
      "sale_price": "34",
      "is_on_sale": "False",
      "is_digital": "False",
      "weight": "1027",
      "created_at": "2021-09-01T13:20:30+03:00",
      "updated_at": "2021-09-01T13:20:30+03:00"
    }
  },
  {
    "model": "inventory.productinventory",
    "id": "15",
    "fields": {
      "sku": "4800859111",
      "upc": "100000000015",
      "product_type": "1",
      "product": "15",
      "brand": "5",
      "is_active": "1",
      "is_default": "1",
      "retail_price": "79",
      "store_price": "74",
      "sale_price": "37",
      "is_on_sale": "False",
      "is_digital": "False",
      "weight": "957",
      "created_at": "2021-09-01T13:20:30+03:00",
      "updated_at": "2021-09-01T13:20:30+03:00"
    }
  },
  {
    "model": "inventory.productinventory",
    "id": "16",
    "fields": {
      "sku": "3758306701",
      "upc": "100000000016",
      "product_type": "1",
      "product": "16",
      "brand": "6",
      "is_active": "1",
      "is_default": "1",
      "retail_price": "93",
      "store_price": "88",
      "sale_price": "44",
      "is_on_sale": "False",
      "is_digital": "False",
      "weight": "1101",
      "created_at": "2021-09-01T13:20:30+03:00",
      "updated_at": "2021-09-01T13:20:30+03:00"
    }
  },
  {
    "model": "inventory.productinventory",
    "id": "17",
    "fields": {
      "sku": "4619595378",
      "upc": "100000000017",
      "product_type": "1",
      "product": "17",
      "brand": "7",
      "is_active": "1",
      "is_default": "1",
      "retail_price": "70",
      "store_price": "66",
      "sale_price": "33",
      "is_on_sale": "False",
      "is_digital": "False",
      "weight": "1128",
      "created_at": "2021-09-01T13:20:30+03:00",
      "updated_at": "2021-09-01T13:20:30+03:00"
    }
  },
  {
    "model": "inventory.productinventory",
    "id": "18",
    "fields": {
      "sku": "6143472586",
      "upc": "100000000018",
      "product_type": "1",
      "product": "18",
      "brand": "7",
      "is_active": "1",
      "is_default": "1",
      "retail_price": "72",
      "store_price": "68",
      "sale_price": "34",
      "is_on_sale": "False",
      "is_digital": "False",
      "weight": "1052",
      "created_at": "2021-09-01T13:20:30+03:00",
      "updated_at": "2021-09-01T13:20:30+03:00"
    }
  },
  {
    "model": "inventory.productinventory",
    "id": "19",
    "fields": {
      "sku": "2083146003",
      "upc": "100000000019",
      "product_type": "1",
      "product": "19",
      "brand": "7",
      "is_active": "1",
      "is_default": "1",
      "retail_price": "93",
      "store_price": "88",
      "sale_price": "44",
      "is_on_sale": "False",
      "is_digital": "False",
      "weight": "1097",
      "created_at": "2021-09-01T13:20:30+03:00",
      "updated_at": "2021-09-01T13:20:30+03:00"
    }
  },
  {
    "model": "inventory.productinventory",
    "id": "20",
    "fields": {
      "sku": "6133360024",
      "upc": "100000000020",
      "product_type": "1",
      "product": "20",
      "brand": "8",
      "is_active": "1",
      "is_default": "1",
      "retail_price": "71",
      "store_price": "66",
      "sale_price": "33",
      "is_on_sale": "False",
      "is_digital": "False",
      "weight": "1149",
      "created_at": "2021-09-01T13:20:30+03:00",
      "updated_at": "2021-09-01T13:20:30+03:00"
    }
  },
  {
    "model": "inventory.productinventory",
    "id": "21",
    "fields": {
      "sku": "6416522396",
      "upc": "100000000021",
      "product_type": "1",
      "product": "21",
      "brand": "8",
      "is_active": "1",
      "is_default": "1",
      "retail_price": "88",
      "store_price": "84",
      "sale_price": "42",
      "is_on_sale": "False",
      "is_digital": "False",
      "weight": "1066",
      "created_at": "2021-09-01T13:20:30+03:00",
      "updated_at": "2021-09-01T13:20:30+03:00"
    }
  },
  {
    "model": "inventory.productinventory",
    "id": "22",
    "fields": {
      "sku": "2502283131",
      "upc": "100000000022",
      "product_type": "1",
      "product": "22",
      "brand": "8",
      "is_active": "1",
      "is_default": "1",
      "retail_price": "91",
      "store_price": "86",
      "sale_price": "43",
      "is_on_sale": "False",
      "is_digital": "False",
      "weight": "993",
      "created_at": "2021-09-01T13:20:30+03:00",
      "updated_at": "2021-09-01T13:20:30+03:00"
    }
  },
  {
    "model": "inventory.productinventory",
    "id": "23",
    "fields": {
      "sku": "3573450625",
      "upc": "100000000023",
      "product_type": "1",
      "product": "23",
      "brand": "8",
      "is_active": "1",
      "is_default": "1",
      "retail_price": "70",
      "store_price": "66",
      "sale_price": "33",
      "is_on_sale": "False",
      "is_digital": "False",
      "weight": "1046",
      "created_at": "2021-09-01T13:20:30+03:00",
      "updated_at": "2021-09-01T13:20:30+03:00"
    }
  },
  {
    "model": "inventory.productinventory",
    "id": "24",
    "fields": {
      "sku": "2507719208",
      "upc": "100000000024",
      "product_type": "1",
      "product": "24",
      "brand": "8",
      "is_active": "1",
      "is_default": "1",
      "retail_price": "71",
      "store_price": "66",
      "sale_price": "33",
      "is_on_sale": "False",
      "is_digital": "False",
      "weight": "1088",
      "created_at": "2021-09-01T13:20:30+03:00",
      "updated_at": "2021-09-01T13:20:30+03:00"
    }
  },
  {
    "model": "inventory.productinventory",
    "id": "25",
    "fields": {
      "sku": "4410485927",
      "upc": "100000000025",
      "product_type": "1",
      "product": "25",
      "brand": "9",
      "is_active": "1",
      "is_default": "1",
      "retail_price": "98",
      "store_price": "94",
      "sale_price": "47",
      "is_on_sale": "False",
      "is_digital": "False",
      "weight": "1057",
      "created_at": "2021-09-01T13:20:30+03:00",
      "updated_at": "2021-09-01T13:20:30+03:00"
    }
  },
  {
    "model": "inventory.productinventory",
    "id": "26",
    "fields": {
      "sku": "5024092523",
      "upc": "100000000026",
      "product_type": "1",
      "product": "26",
      "brand": "9",
      "is_active": "1",
      "is_default": "1",
      "retail_price": "91",
      "store_price": "86",
      "sale_price": "43",
      "is_on_sale": "False",
      "is_digital": "False",
      "weight": "1149",
      "created_at": "2021-09-01T13:20:30+03:00",
      "updated_at": "2021-09-01T13:20:30+03:00"
    }
  },
  {
    "model": "inventory.productinventory",
    "id": "27",
    "fields": {
      "sku": "7513563220",
      "upc": "100000000027",
      "product_type": "1",
      "product": "27",
      "brand": "9",
      "is_active": "1",
      "is_default": "1",
      "retail_price": "78",
      "store_price": "74",
      "sale_price": "37",
      "is_on_sale": "False",
      "is_digital": "False",
      "weight": "1095",
      "created_at": "2021-09-01T13:20:30+03:00",
      "updated_at": "2021-09-01T13:20:30+03:00"
    }
  },
  {
    "model": "inventory.productinventory",
    "id": "28",
    "fields": {
      "sku": "8339678340",
      "upc": "100000000028",
      "product_type": "1",
      "product": "28",
      "brand": "9",
      "is_active": "1",
      "is_default": "1",
      "retail_price": "88",
      "store_price": "84",
      "sale_price": "42",
      "is_on_sale": "False",
      "is_digital": "False",
      "weight": "1121",
      "created_at": "2021-09-01T13:20:30+03:00",
      "updated_at": "2021-09-01T13:20:30+03:00"
    }
  },
  {
    "model": "inventory.productinventory",
    "id": "29",
    "fields": {
      "sku": "1522858215",
      "upc": "100000000029",
      "product_type": "1",
      "product": "29",
      "brand": "9",
      "is_active": "1",
      "is_default": "1",
      "retail_price": "88",
      "store_price": "84",
      "sale_price": "42",
      "is_on_sale": "False",
      "is_digital": "False",
      "weight": "1033",
      "created_at": "2021-09-01T13:20:30+03:00",
      "updated_at": "2021-09-01T13:20:30+03:00"
    }
  },
  {
    "model": "inventory.productinventory",
    "id": "30",
    "fields": {
      "sku": "4110526611",
      "upc": "100000000030",
      "product_type": "1",
      "product": "30",
      "brand": "9",
      "is_active": "1",
      "is_default": "1",
      "retail_price": "92",
      "store_price": "88",
      "sale_price": "44",
      "is_on_sale": "False",
      "is_digital": "False",
      "weight": "981",
      "created_at": "2021-09-01T13:20:30+03:00",
      "updated_at": "2021-09-01T13:20:30+03:00"
    }
  },
  {
    "model": "inventory.productinventory",
    "id": "31",
    "fields": {
      "sku": "9492398819",
      "upc": "100000000031",
      "product_type": "1",
      "product": "31",
      "brand": "9",
      "is_active": "1",
      "is_default": "1",
      "retail_price": "70",
      "store_price": "66",
      "sale_price": "33",
      "is_on_sale": "False",
      "is_digital": "False",
      "weight": "1117",
      "created_at": "2021-09-01T13:20:30+03:00",
      "updated_at": "2021-09-01T13:20:30+03:00"
    }
  },
  {
    "model": "inventory.productinventory",
    "id": "32",
    "fields": {
      "sku": "1541098955",
      "upc": "100000000032",
      "product_type": "1",
      "product": "32",
      "brand": "9",
      "is_active": "1",
      "is_default": "1",
      "retail_price": "78",
      "store_price": "74",
      "sale_price": "37",
      "is_on_sale": "False",
      "is_digital": "False",
      "weight": "958",
      "created_at": "2021-09-01T13:20:30+03:00",
      "updated_at": "2021-09-01T13:20:30+03:00"
    }
  },
  {
    "model": "inventory.productinventory",
    "id": "33",
    "fields": {
      "sku": "9599883597",
      "upc": "100000000033",
      "product_type": "1",
      "product": "33",
      "brand": "9",
      "is_active": "1",
      "is_default": "1",
      "retail_price": "74",
      "store_price": "70",
      "sale_price": "35",
      "is_on_sale": "False",
      "is_digital": "False",
      "weight": "915",
      "created_at": "2021-09-01T13:20:30+03:00",
      "updated_at": "2021-09-01T13:20:30+03:00"
    }
  },
  {
    "model": "inventory.productinventory",
    "id": "34",
    "fields": {
      "sku": "5572031494",
      "upc": "100000000034",
      "product_type": "1",
      "product": "34",
      "brand": "9",
      "is_active": "1",
      "is_default": "1",
      "retail_price": "70",
      "store_price": "66",
      "sale_price": "33",
      "is_on_sale": "False",
      "is_digital": "False",
      "weight": "996",
      "created_at": "2021-09-01T13:20:30+03:00",
      "updated_at": "2021-09-01T13:20:30+03:00"
    }
  },
  {
    "model": "inventory.productinventory",
    "id": "35",
    "fields": {
      "sku": "6875709131",
      "upc": "100000000035",
      "product_type": "1",
      "product": "35",
      "brand": "9",
      "is_active": "1",
      "is_default": "1",
      "retail_price": "86",
      "store_price": "82",
      "sale_price": "41",
      "is_on_sale": "False",
      "is_digital": "False",
      "weight": "920",
      "created_at": "2021-09-01T13:20:30+03:00",
      "updated_at": "2021-09-01T13:20:30+03:00"
    }
  },
  {
    "model": "inventory.productinventory",
    "id": "36",
    "fields": {
      "sku": "4845557149",
      "upc": "100000000036",
      "product_type": "1",
      "product": "36",
      "brand": "9",
      "is_active": "1",
      "is_default": "1",
      "retail_price": "90",
      "store_price": "86",
      "sale_price": "43",
      "is_on_sale": "False",
      "is_digital": "False",
      "weight": "952",
      "created_at": "2021-09-01T13:20:30+03:00",
      "updated_at": "2021-09-01T13:20:30+03:00"
    }
  },
  {
    "model": "inventory.productinventory",
    "id": "37",
    "fields": {
      "sku": "8833482940",
      "upc": "100000000037",
      "product_type": "1",
      "product": "37",
      "brand": "9",
      "is_active": "1",
      "is_default": "1",
      "retail_price": "80",
      "store_price": "76",
      "sale_price": "38",
      "is_on_sale": "False",
      "is_digital": "False",
      "weight": "1011",
      "created_at": "2021-09-01T13:20:30+03:00",
      "updated_at": "2021-09-01T13:20:30+03:00"
    }
  },
  {
    "model": "inventory.productinventory",
    "id": "38",
    "fields": {
      "sku": "4584223002",
      "upc": "100000000038",
      "product_type": "1",
      "product": "38",
      "brand": "9",
      "is_active": "1",
      "is_default": "1",
      "retail_price": "70",
      "store_price": "66",
      "sale_price": "33",
      "is_on_sale": "False",
      "is_digital": "False",
      "weight": "1138",
      "created_at": "2021-09-01T13:20:30+03:00",
      "updated_at": "2021-09-01T13:20:30+03:00"
    }
  },
  {
    "model": "inventory.productinventory",
    "id": "39",
    "fields": {
      "sku": "6585053650",
      "upc": "100000000039",
      "product_type": "1",
      "product": "39",
      "brand": "9",
      "is_active": "1",
      "is_default": "1",
      "retail_price": "77",
      "store_price": "72",
      "sale_price": "36",
      "is_on_sale": "False",
      "is_digital": "False",
      "weight": "977",
      "created_at": "2021-09-01T13:20:30+03:00",
      "updated_at": "2021-09-01T13:20:30+03:00"
    }
  },
  {
    "model": "inventory.productinventory",
    "id": "40",
    "fields": {
      "sku": "8318752678",
      "upc": "100000000040",
      "product_type": "1",
      "product": "40",
      "brand": "9",
      "is_active": "1",
      "is_default": "1",
      "retail_price": "85",
      "store_price": "80",
      "sale_price": "40",
      "is_on_sale": "False",
      "is_digital": "False",
      "weight": "999",
      "created_at": "2021-09-01T13:20:30+03:00",
      "updated_at": "2021-09-01T13:20:30+03:00"
    }
  },
  {
    "model": "inventory.productinventory",
    "id": "41",
    "fields": {
      "sku": "9881563527",
      "upc": "100000000041",
      "product_type": "1",
      "product": "41",
      "brand": "9",
      "is_active": "1",
      "is_default": "1",
      "retail_price": "87",
      "store_price": "82",
      "sale_price": "41",
      "is_on_sale": "False",
      "is_digital": "False",
      "weight": "1079",
      "created_at": "2021-09-01T13:20:30+03:00",
      "updated_at": "2021-09-01T13:20:30+03:00"
    }
  },
  {
    "model": "inventory.productinventory",
    "id": "42",
    "fields": {
      "sku": "3510766870",
      "upc": "100000000042",
      "product_type": "1",
      "product": "42",
      "brand": "9",
      "is_active": "1",
      "is_default": "1",
      "retail_price": "87",
      "store_price": "82",
      "sale_price": "41",
      "is_on_sale": "False",
      "is_digital": "False",
      "weight": "1044",
      "created_at": "2021-09-01T13:20:30+03:00",
      "updated_at": "2021-09-01T13:20:30+03:00"
    }
  },
  {
    "model": "inventory.productinventory",
    "id": "43",
    "fields": {
      "sku": "4545393381",
      "upc": "100000000043",
      "product_type": "1",
      "product": "43",
      "brand": "9",
      "is_active": "1",
      "is_default": "1",
      "retail_price": "86",
      "store_price": "82",
      "sale_price": "41",
      "is_on_sale": "False",
      "is_digital": "False",
      "weight": "1017",
      "created_at": "2021-09-01T13:20:30+03:00",
      "updated_at": "2021-09-01T13:20:30+03:00"
    }
  },
  {
    "model": "inventory.productinventory",
    "id": "44",
    "fields": {
      "sku": "7178939984",
      "upc": "100000000044",
      "product_type": "1",
      "product": "44",
      "brand": "9",
      "is_active": "1",
      "is_default": "1",
      "retail_price": "94",
      "store_price": "90",
      "sale_price": "45",
      "is_on_sale": "False",
      "is_digital": "False",
      "weight": "1025",
      "created_at": "2021-09-01T13:20:30+03:00",
      "updated_at": "2021-09-01T13:20:30+03:00"
    }
  },
  {
    "model": "inventory.productinventory",
    "id": "45",
    "fields": {
      "sku": "1522404252",
      "upc": "100000000045",
      "product_type": "1",
      "product": "45",
      "brand": "9",
      "is_active": "1",
      "is_default": "1",
      "retail_price": "73",
      "store_price": "68",
      "sale_price": "34",
      "is_on_sale": "False",
      "is_digital": "False",
      "weight": "976",
      "created_at": "2021-09-01T13:20:30+03:00",
      "updated_at": "2021-09-01T13:20:30+03:00"
    }
  },
  {
    "model": "inventory.productinventory",
    "id": "46",
    "fields": {
      "sku": "3863273031",
      "upc": "100000000046",
      "product_type": "1",
      "product": "46",
      "brand": "9",
      "is_active": "1",
      "is_default": "1",
      "retail_price": "88",
      "store_price": "84",
      "sale_price": "42",
      "is_on_sale": "False",
      "is_digital": "False",
      "weight": "978",
      "created_at": "2021-09-01T13:20:30+03:00",
      "updated_at": "2021-09-01T13:20:30+03:00"
    }
  },
  {
    "model": "inventory.productinventory",
    "id": "47",
    "fields": {
      "sku": "2397442989",
      "upc": "100000000047",
      "product_type": "1",
      "product": "47",
      "brand": "9",
      "is_active": "1",
      "is_default": "1",
      "retail_price": "79",
      "store_price": "74",
      "sale_price": "37",
      "is_on_sale": "False",
      "is_digital": "False",
      "weight": "1144",
      "created_at": "2021-09-01T13:20:30+03:00",
      "updated_at": "2021-09-01T13:20:30+03:00"
    }
  },
  {
    "model": "inventory.productinventory",
    "id": "48",
    "fields": {
      "sku": "4763299118",
      "upc": "100000000048",
      "product_type": "1",
      "product": "48",
      "brand": "9",
      "is_active": "1",
      "is_default": "1",
      "retail_price": "75",
      "store_price": "70",
      "sale_price": "35",
      "is_on_sale": "False",
      "is_digital": "False",
      "weight": "1068",
      "created_at": "2021-09-01T13:20:30+03:00",
      "updated_at": "2021-09-01T13:20:30+03:00"
    }
  },
  {
    "model": "inventory.productinventory",
    "id": "49",
    "fields": {
      "sku": "6670093888",
      "upc": "100000000049",
      "product_type": "1",
      "product": "49",
      "brand": "9",
      "is_active": "1",
      "is_default": "1",
      "retail_price": "71",
      "store_price": "66",
      "sale_price": "33",
      "is_on_sale": "False",
      "is_digital": "False",
      "weight": "1088",
      "created_at": "2021-09-01T13:20:30+03:00",
      "updated_at": "2021-09-01T13:20:30+03:00"
    }
  }
]