[
{
    "model": "inventory.category",
    "pk": 1,
    "fields": {
        "name": "django",
        "slug": "django",
        "is_active": true,
        "parent": null,
        "lft": 1,
        "rght": 4,
        "tree_id": 1,
        "level": 0
    }
},
{
    "model": "inventory.category",
    "pk": 2,
    "fields": {
        "name": "django models",
        "slug": "django-models",
        "is_active": true,
        "parent": 1,
        "lft": 2,
        "rght": 3,
        "tree_id": 1,
        "level": 1
    }
}
]
